docid	Dominant_Topic	author	orig_title	Topic_Perc_Contrib	date
mdp.39015003682526	39	laura furman	The shadow line	0.0902	1982
uc1.32106007991901	52	daphne du maurier	Rebecca	0.0791	1938
mdp.39015002710591	7	j b priestley	Bright day	0.1085	1946
inu.30000087182360	62	mo hayder	Pig island	0.0829	2006
uc1.b5015133	71	anna clarke	The lady in black	0.0731	1977
mdp.39015034733157	18	erico verissimo	Time and the wind;	0.1034	1951
mdp.39015019946915	18	margaret irwin	Young Bess	0.1002	1945
mdp.39015055442084	45	belva plain	Her father's house	0.0685	2002
mdp.39015037350918	58	david rice	Give the pig a chance & other stories	0.0786	1996
mdp.39015028871922	7	dan jacobson	The God-fearer : a novel	0.0745	1992
uc1.b3347161	73	walter macken	The bogman	0.1224	1952
uc1.32106013102063	49	andrew cowan	Common ground	0.0649	1996
uc1.b3752556	56	emmanuel bove	My friends	0.0956	1945
uc1.$b103880	18	harnett t kane	The lady of Arlington : a novel based on the life of Mrs. Robert E. Lee	0.0883	1953
uc1.b3465301	39	celia gittelson	Saving grace	0.0982	1981
mdp.39015000644602	71	tennessee williams	Moise and the world of reason	0.0848	1975
uc1.$b74556	53	vicki baum	Grand hotel;	0.0662	1931
mdp.39015014862349	74	charles wright	The wig, a mirror image	0.2934	1966
uc1.$b101600	18	percy marks	Between two autumns : a novel	0.0647	1941
mdp.39015020700434	61	frederick exley	A fan's notes; a fictional memoir	0.1581	1968
pst.000024700788	5	lee smith	The devil's dream	0.162	1992
mdp.39015033087969	54	alice adams	A southern exposure : a novel	0.0773	1996
uc1.b3295285	5	frances shelley wees	The keys of my prison	0.0321	1956
mdp.39015046479468	29	leslie marmon silko	Gardens in the dunes : a novel	0.1353	1999
mdp.39015078796425	60	kevin wilson	Tunneling to the center of the earth : stories	0.071	2009
mdp.39015015390316	57	j g farrell	A girl in the head	0.0676	1967
mdp.39015039922201	1	lorene cary	Pride : a novel	0.0723	1998
inu.30000010389629	32	christopher isherwood	A meeting by the river	0.0922	1967
uc1.b3796830	0	david beaty	The four winds	0.1484	1954
mdp.39015033517247	18	louis adamic	Cradle of life : the story of one man's beginnings	0.1118	1936
mdp.39015037312371	67	stephen mccauley	The man of the house : a novel	0.0764	1996
uc1.$b63970	18	mary floyd williams	Fortune, smile once more!	0.0924	1946
uc1.$b105642	18	howard spring	My son, my son!	0.1573	1938
pst.000051406523	51	ken follett	The pillars of the earth	0.0916	1989
uc1.32106014229535	3	helen schulman	The revisionist : a novel	0.0635	1998
uc1.b4089209	67	lucille fletcher	The daughters of Jasper Clay	0.0693	1958
uc1.b4089209	67	lucille fletcher	The daughters of Jasper Clay	0.0722	1958
mdp.39015053606771	52	charles morgan	Sparkenbroke	0.1408	1936
mdp.39015014135241	50	angus wolfe murray	The end of something nice, a novel	0.0791	1967
mdp.39015060814582	42	barbara vine	The minotaur	0.0715	2005
mdp.39015064867867	29	irvine welsh	The bedroom secrets of the master chefs	0.1278	2006
pst.000018385762	4	edward ormondroyd	Time at the top	0.0483	1963
mdp.39015053382399	74	valerie wilson wesley	Where evil sleeps	0.07400000000000001	1996
mdp.49015003448686	34	philip roth	Indignation	0.0855	2008
mdp.39015038145002	9	victor erofeyev	Russian beauty	0.0471	1993
mdp.39015010923335	71	john gardner	Stillness ; and, Shadows	0.1053	1982
wu.89055051759	18	eleanor doorly	The radium woman : a youth edition of the life of Madame Curie	0.0595	1940
uc1.b3835561	65	oliver st john gogarty	As I was going down Sackville street	0.1156	1937
mdp.39015053382134	53	christian mclaughlin	Glamourpuss	0.1223	1994
pst.000046076687	16	thomas berger	Being invisible	0.1276	1987
uc1.$b318416	32	andre gide	Two symphonies	0.1565	1931
pst.000005707867	18	hager wilde	Stand clear of thunder	0.0409	1933
uc1.b4350614	34	jonathan penner	Going blind	0.078	1977
inu.30000036943342	47	james lee burke	The neon rain	0.1163	1987
mdp.39015034231673	34	melanie sumner	Polite society	0.0713	1995
uc1.$b104510	4	ethel wilson	Swamp Angel	0.0532	1954
uc1.$b105666	46	marguerite steen	The bulls of Parral	0.0743	1954
mdp.39015013756807	53	lawrence durrell	Monsieur	0.0532	1974
inu.30000112148360	7	joseph hayes	The third day	0.0433	1964
mdp.39015063317658	26	simon ings	The weight of numbers	0.0576	2006
pst.000032467413	7	ian mcewan	The child in time	0.0918	1987
mdp.39015016440227	44	borden deal	Walk through the valley	0.0887	1956
uc1.32106018001302	40	"svetislav basara
ana lucic"	Chinese letter : [a novel]	0.0944	2004
mdp.39015046394386	22	marcel pagnol	The days were too short	0.0783	1960
uc1.32106011115109	35	william boyd	The blue afternoon : a novel	0.2087	1995
mdp.39015012964964	5	robert coover	Whatever happened to Gloomy Gus of the Chicago Bears?	0.0566	1987
pst.000030505162	32	shirley jackson	The lottery	0.0657	1949
mdp.39015008239652	55	john banville	Kepler : a novel	0.1202	1981
mdp.39015061750819	77	wylene dunbar	My life with corpses	0.0736	2004
uc1.32106005224586	16	julian barnes	Metroland	0.0558	1980
mdp.39015047114569	25	frederick reiken	The odd sea	0.085	1998
uc1.b3467575	26	jerome weidman	The center of the action	0.1224	1969
mdp.39015043097362	32	calder willingham	End as a man	0.0737	1947
mdp.39015030763265	47	james mills	The panic in Needle Park	0.1334	1966
mdp.39015066661243	32	suzanne prou	The yellow summer	0.0731	1972
mdp.39015034296643	34	carol magun	Circling Eden : a novel of Israel in stories	0.1094	1995
uc1.$b805734	45	sylvia wilkinson	Cale; a novel	0.1029	1970
mdp.49015002329259	67	gd gearino	What the deaf-mute heard : a novel	0.0954	1996
uc1.b3346868	26	max erlich	The takers	0.0715	1961
mdp.39015055860756	72	robert bausch	The gypsy man	0.0529	2002
mdp.39015025219463	60	david wong louie	Pangs of love : stories	0.068	1991
mdp.39015013970788	28	john irving	The Hotel New Hampshire	0.075	1981
uc1.32106009429223	59	tim o’brien	Going after Cacciato : a novel	0.0781	1978
mdp.39015016441126	32	gerald hanley	Drinkers of darkness	0.0918	1955
mdp.39015014609013	77	graham swift	Out of this world	0.0654	1988
uc1.32106005114258	33	lawrence block	The burglar who studied Spinoza	0.1516	1980
uc1.b3582852	18	vicki baum	Tale of Bali	0.0732	1937
uc1.b4430740	39	rex burns	Suicide season	0.0915	1987
mdp.39015008616313	3	isaac bashevis singer	The séance and other stories	0.0721	1968
mdp.39015073446208	55	barbara lucas	The trembling of the sea	0.0676	1936
uc1.b3711205	59	robert nathan	One more spring	0.0819	1933
inu.39000005913756	60	kathleen arnott	Animal folk tales around the world;	0.075	1970
mdp.39015054091841	0	neal stephenson	Snow crash	0.0943	1992
mdp.39015046374867	23	paul auster	The music of chance	0.0834	1990
mdp.39015010465063	37	bernard brunner	Six days to Sunday : A novel	0.1368	1975
uc1.$b80879	18	ringuet	Thirty acres	0.0989	1940
mdp.39076006608181	69	aldous huxley	Collected works	0.5419	1963
uc1.b3467134	5	don asher	The electric cotillion	0.1649	1970
mdp.39015012411065	36	frank chinnock	Nagasaki: the forgotten bomb	0.0685	1969
mdp.39015021863330	25	ota pavel	How I came to know fish	0.0574	1991
uc1.32106019834503	22	"walter moers
john brownjohn"	A wild ride through the night	0.0867	2008
mdp.39015024989462	53	miguel barnet	Rachel's song : a novel	0.0743	1991
mdp.39015047583383	29	farnoosh moshiri	At the wall of the almighty : a novel	0.10800000000000001	2000
uc1.b3456552	61	richard elman	Crossing over, and other tales	0.0541	1973
uc1.$b114428	60	a c ed spectorsky	Man into beast; strange tales of transformation	0.1003	1947
mdp.39015027239709	61	eudora welty	Losing battles	0.055	1970
mdp.39015008483375	52	theodore dreiser	The bulwark : a novel	0.0605	1945
uc1.32106016316603	37	alan isler	Clerical errors	0.1816	2001
mdp.39015040575535	29	allan gurganus	Plays well with others	0.0859	1997
mdp.39076002201684	49	grace paull	Raspberry patch	0.069	1941
mdp.39015005910743	32	olivia manning	The great fortune	0.1074	1960
uc1.b4288727	3	meyer levin	The stronghold, a novel	0.1724	1965
uc1.$b56368	59	gladys hasty carroll	Dunnybrook	0.0698	1943
uc1.32106012999584	69	kw jeter	Blade Runner 2 : the edge of human	0.0443	1995
uc1.$b63720	52	robert rylee	The ring and the cross, a novel	0.0632	1947
mdp.39015061469154	42	joe cottonwood	Frank City (goodbye) : a novel	0.0685	1981
mdp.39015011361808	52	wyndham lewis	Rotting hill	0.0634	1951
mdp.39015012209816	18	gwen bristow	Jubilee trail	0.0712	1950
uc1.b3687957	32	leonora hornblow	The love-seekers	0.0864	1957
mdp.39015030734571	19	louise field cooper	Summer stranger	0.0958	1947
mdp.39015031225397	15	david benedictus	The fourth of June	0.0481	1962
mdp.39015015204970	61	richard jones	The three suitors; a novel	0.0744	1967
mdp.39015080831632	5	kazuo ishiguro	Nocturnes : five stories of music and nightfall	0.0626	2009
mdp.39015062571685	8	david allan cates	X out of Wonderland : a saga	0.0869	2005
uc1.$b103842	52	peter bourne	The golden road	0.054000000000000006	1952
mdp.39015037842047	22	grace metalious	The tight white collar	0.055999999999999994	1960
mdp.39015066895312	47	"paulo lins
alison entrekin"	City of God	0.0999	2006
uc1.32106018792587	34	valerie martin	Trespass : a novel	0.0933	2007
uc1.b3406875	15	cordelia jones	Nobody's garden	0.0609	1966
mdp.39015004129865	72	anna taylor	The gods are not mocked	0.0685	1968
mdp.39015014596293	9	kim renate stendhal chernin	Sex and other sacred games : love, desire, power, and possession	0.0614	1989
mdp.39015031225447	50	ludwig bemsimans	I love you, I love you, I love you	0.0643	1942
mdp.39015049549036	53	michael moorcock	King of the city	0.0938	2000
uc1.b4360967	3	john weitz	Friends in high places	0.1664	1982
uc1.$b401400	0	martin caidin	Anytime, anywhere; a novel	0.1212	1969
mdp.39015011572958	10	ronald lee	Goddam gypsy : an autobiographical novel	0.0823	1971
uc1.b3435071	61	larry mcmurtry	Moving on; a novel	0.1247	1970
uc1.$b100767	36	charles yale harrison	Nobody's fool : a novel	0.079	1948
uc1.b4382419	8	ann birstein	The sweet birds of Gorham	0.0515	1966
mdp.39015066662845	46	jose luis de vilallonga	The man of blood	0.1129	1960
mdp.39015048753043	29	roddy doyle	A star called Henry	0.1393	1999
mdp.39015059216799	22	esther cohen	Book doctor : a novel	0.0498	2005
mdp.39015000605058	18	mark rascovich	The Bedford incident	0.0684	1963
mdp.39015003682286	42	john gale	The family man	0.0623	1968
mdp.39015048746534	9	alice mattison	The book borrower : a novel	0.0455	1999
mdp.39076002543978	77	tess slesinger	The unpossessed : a novel of the thirties	0.0624	1945
mdp.39015003941898	61	brendan gill	Ways of loving	0.0722	1974
uc1.$b105429	32	margaret shedd	Return to the beach	0.1181	1950
uc1.32106016472067	42	anita brookner	Making things better : a novel	0.0971	2002
mdp.39015014137551	33	elizabeth linington	The long watch; a novel	0.0578	1956
uc1.$b106201	73	w somerset maugham	Ah King	0.1026	1933
mdp.39015047566974	29	wayne johnston	The colony of unrequited dreams	0.1297	1998
mdp.39015043181950	18	esther forbes	The general's lady	0.0639	1938
mdp.39015058831580	29	e.l. doctorow	Sweet land stories	0.1091	2004
osu.32435069834810	44	ramona stewart	The stars abide	0.1072	1961
uc1.32106013664849	50	elizabeth marshall thomas	The hidden life of dogs	0.114	1993
pst.000032466522	49	greg williams	Younger than springtime	0.068	1997
uc1.$b105629	18	hartzell spence	Bride of the conqueror, a novel	0.0905	1954
mdp.39015004265834	74	robin f brancato	Blinded by the light	0.11	1978
mdp.39015013121127	36	allen drury	Advise and consent	0.1701	1959
pst.000030281684	55	erle stanley gardner	The case of the screaming woman	0.2528	1957
mdp.39015010722133	11	frederick buechner	The entrance of Porlock	0.0557	1970
uc1.32106015455626	50	mike mccormack	Getting it in the head	0.1207	1996
uc1.b4368834	37	walter tevis	The Queen's gambit	0.1852	1983
uc1.$b105443	32	william sansom	A bed of roses	0.2138	1954
mdp.39076002597719	17	elisabeth webster	The magic cane	0.0809	1953
mdp.39015026862212	8	jorge amado	The swallow and the tom cat : a love story	0.0603	1982
mdp.39015004231661	27	elie wiesel	The gates of the forest / $f: translated from the French by Frances Frenaye	0.0851	1966
uc1.$b106411	55	ann bridge	Four-part setting	0.0667	1939
uc1.$b474910	52	arnold zweig	The axe of Wandsbek	0.0709	1947
uc1.32106008906999	15	william goldman	Your turn to curtsy, my turn to bow	0.0882	1958
uc1.b3687383	36	howard fast	The American, a Middle Western legend	0.1272	1946
mdp.39015021930972	59	michael mclaverty	School for hope	0.0475	1954
uc1.b3470476	36	dorothy salisbury davis	Old sinners never die	0.0386	1959
mdp.39015017899728	60	nicholas delbanco	The writers' trade & other stories	0.0925	1990
mdp.39015001995110	9	r k narayan	The painter of signs	0.0492	1976
mdp.39015053114727	16	alan judd	Legacy	0.0736	2001
pst.000012888993	18	han suyin	A many-splendoured thing	0.0726	1952
mdp.39015009212237	59	andre gide	The counterfeiters	0.2936	1947
mdp.39015019804080	53	marianne hauser	The memoirs of the late Mr. Ashley : an American comedy	0.0635	1986
mdp.39015058738900	34	joanne harris	Jigs & Reels	0.0591	2004
mdp.39015072262085	69	theodore isaac rubin	Lisa and David	0.1267	1961
mdp.39015048732427	53	mazo de la roche	Whiteoak harvest	0.078	1945
mdp.39015050606113	51	john wain	The life guard; stories	0.0643	1971
mdp.39015031306015	8	jane stuart	Passerman's Hollow. -	0.0436	1974
mdp.39015004935352	61	alec waugh	The fatal gift: a novel. -	0.1025	1973
uc1.b3768661	1	francoise sagan	La Chamade	0.0909	1966
uc1.b3346167	46	dorothy baker	Our gifted son	0.07400000000000001	1948
uc1.32106015521450	11	john steinbeck	The pearl;	0.042	1947
uc1.b3116830	69	lillian ross	Vertical and horizontal	0.0941	1963
mdp.39015011379040	32	alberto moravia	The fotish; a volume of stories	0.1978	1964
mdp.39015034642176	58	marguerite duras	The sea wall	0.0624	1952
mdp.39015031311718	35	margery sharp	Cluny Brown	0.0507	1944
inu.30000101910648	8	eleanor widmer	Up from Orchard Street	0.0658	2004
mdp.39015040135215	60	abigail thomas	Herb's pajamas	0.0772	1998
uc1.$b86233	52	david alman	World full of strangers	0.0626	1949
mdp.39015063210010	36	ana marie cox	Dog days	0.1473	2006
mdp.39015002754417	3	robert st john	The man who played God, a novel	0.1457	1962
mdp.39015003640110	77	albert camus	A happy death	0.0736	1960
uc1.b4095410	4	pamela frankau	A wreath for the enemy	0.0662	1954
uc1.b3687781	69	irving fineman	Doctor Addams	0.0878	1939
uc1.b3688161	23	william goyen	In a farther country; a romance	0.0638	1955
uc1.32106001605598	77	vladimir nabokov	A Russian beauty and other stories	0.0786	1973
mdp.39015050562498	16	maude hutchins	Honey on the moon	0.0502	1964
mdp.39015034259963	33	lisa vice	Reckless driver	0.0656	1995
mdp.39015016455860	18	samuel hopkins adams	Sunrise to sunset	0.0683	1950
mdp.39015027558439	0	eve titus	Anatole and the cat	0.0707	1957
mdp.39015016447172	15	louise field cooper	The boys from Sharon	0.0524	1950
mdp.39015008960943	39	alan sillitoe	The storyteller	0.0761	1979
mdp.39015066882336	77	lucy eyre	If minds had toes	0.1263	2007
uc1.$b104388	9	dawn powell	Sunday, Monday, and always	0.0561	1952
mdp.39015011535377	32	edmonde charles roux	To forget Palermo	0.0714	1968
uc1.32106005376659	45	f scott fitzgerald	The Pat Hobby stories. With an introd. by Arnold Gingrich	0.1488	1940
mdp.39015008705074	53	clair huffaker	The cowboy and the Cossack	0.0585	1973
uc1.b4099017	22	yen liang	Tommy and Dee-Dee	0.0489	1953
mdp.49015002539972	29	matthew kneale	English passengers	0.0859	2000
pst.000056749663	29	patrick chamoiseau	Texaco	0.1192	1997
uc1.$b471539	3	lewis meyer	Preposterous papa	0.0499	1959
uc1.32106005105181	47	john d. macdonald	Free fall in crimson	0.0816	1981
uc1.$b704808	10	francois mauriac	The unknown sea (Les chemins de la mer)	0.078	1948
mdp.39015053532134	50	helen dunmore	The siege	0.065	2001
mdp.39015018901523	47	harry crews	Body	0.1353	1990
uc1.$b245310	55	ludwig lewisohn	In a summer season, a novel	0.0623	1955
uc1.32106008094432	62	"anton shammas
vivian eden"	Arabesques	0.0777	1988
mdp.39015059405558	52	sheila kaye smith	Faithful stranger, and other stories	0.0557	1938
mdp.39015063239977	51	lavinia greenlaw	An irresponsible age	0.07	2006
mdp.39015002715756	69	richard rhodes	Holy secrets	0.0524	1978
mdp.39015013533370	3	yaakov shabtai	Past continuous	0.0368	1985
mdp.39015034908858	36	jim lehrer	The last debate	0.2213	1995
uc1.$b102623	18	willa gibbs	The twelfth physician	0.0879	1954
mdp.39015031307559	60	jerome weidman	My father sits in the dark and other selected stories	0.0688	1961
uc1.32106015625624	29	john banville	Eclipse : a novel	0.0883	2000
mdp.39015008469945	27	philip jose farmer	The fabulous riverboat	0.0332	1971
mdp.39015050556227	15	michael anthony	Green days by the river	0.0646	1967
uc1.32106016638055	58	kirsty gunn	Featherstone	0.0692	2002
mdp.39015050499527	34	josiah iii bunting	All loves excelling	0.0921	2001
uc1.b4281496	71	mircea eliade	Youth without youth and other novellas	0.0799	1986
mdp.39015066050249	71	alison lurie	Real people	0.0619	1969
mdp.39015028914029	40	marguerite duras	Yann Andrea Steiner : a memoir	0.1157	1993
uc1.$b98403	18	f van wyck mason	Proud new flags	0.1481	1951
mdp.39015076140402	51	suzette a. hill	Bones in the belfry	0.0719	2008
mdp.39015053576933	77	marion montgomery	Fugitive	0.0875	1974
uc1.b2801628	61	christine arnothy	The captive Cardinal : a novel	0.0956	1964
mdp.49015001162867	60	weldon kees	The ceremony & other stories	0.0847	1984
uc1.$b86341	1	thomas bell	All brides are beautiful	0.055	1936
uc1.$b244988	18	ethel vance	Winter meeting	0.1504	1946
mdp.39015001570319	11	ama ata aidoo	No sweetness here	0.0434	1970
mdp.39015054155562	25	mitch cullin	From the place in the valley deep in the forest : stories	0.0647	2001
mdp.39015012309996	45	erich maria remarque	Spark of life;	0.1296	1952
inu.39000002424674	57	barbara cartland	Love in the clouds and Imperial splendor	0.0579	1979
mdp.39015051112673	52	stark young	So red the rose	0.0972	1934
uc1.$b243817	52	josephine johnson	Jordanstown : a novel	0.1742	1937
mdp.39015056671095	5	thomas sanchez	King Bongo : a novel of Havana	0.057999999999999996	2003
uc1.b3462029	61	alan harrington	The secret swinger	0.0863	1966
mdp.39015019442162	36	john mortimer	Titmuss regained	0.0662	1990
mdp.39015005880284	45	james barr	Quatrefoil : a novel	0.0491	1982
mdp.39015016423587	10	rhys davies	Boy with a trumpet, and other selected short stories;	0.0713	1951
uc1.$b799746	42	maude hutchins	Blood on the doves	0.0928	1965
uc1.$b803239	46	dion henderson	On the mountain	0.0777	1969
mdp.39015037474536	40	rosanne cash	Bodies of water : short fiction	0.0508	1996
uc1.$b312854	58	edgar wolfe	Widow man	0.0746	1953
mdp.39015043047367	37	troon mcallister	The green	0.2859	1999
mdp.39015062537322	23	peter rock	The unsettling : stories	0.064	2006
uc1.$b87220	10	basil davidson	Ode to a young love, a novel	0.1274	1958
uc1.b4098211	5	eleanor farjeon	The little bookroom;	0.0567	1956
mdp.39015014139284	39	stead jones	The man with the talents	0.0374	1966
uc1.32106016108315	77	john gardner	Grendel	0.0891	1971
inu.32000000893083	71	stith ed thompson	One hundred favorite folktales	0.0327	1968
mdp.39015049544417	29	caleb carr	Killing time : a novel of the future	0.0724	2000
uc1.$b807251	71	walter de la mare	The collected tales of Walter de la Mare	0.0825	1950
mdp.39015008817135	44	alice hoffman	White horses	0.051	1982
mdp.39015019630410	35	ivan doig	Ride with me, Mariah Montana	0.0807	1990
uc1.b3464211	22	walter abish	In the future perfect	0.0804	1977
uc1.$b101606	52	alan marcus	Straw to make brick	0.1611	1948
uc1.b3116819	62	robert shaw	The hiding place	0.0381	1959
uc1.$b71380	61	n martin kramer	The hearth and the strangeness	0.0673	1956
uc1.$b223952	9	james purdy	Children is all	0.0873	1962
mdp.39015038173079	23	evelyn lau	Other women : a novel	0.0693	1996
mdp.39015000545882	60	harry mark petrakis	Pericles on 31st Street	0.0792	1965
mdp.39015021534204	45	gish jen	Typical American	0.0794	1991
mdp.39015030850682	28	jimmy breslin	The gang that couldn't shoot straight	0.069	1969
mdp.39015064682084	25	rachel sherman	The first hurt : stories	0.0817	2006
uc1.$b106413	18	ann bridge	The lighthearted quest	0.095	1956
uc1.32106002189816	33	paul theroux	A Christmas card	0.0787	1978
wu.89100335710	18	lola kinel	This is my affair	0.0802	1937
mdp.39015009375570	47	dragoslav mihailovic	When pumpkins blossomed	0.071	1971
mdp.39015048860905	15	elizabeth gilbert	Stern men	0.069	2000
uc1.32106007070532	47	gerald petievich	The quality of the informant	0.1155	1985
mdp.39015000576002	15	john donovan	I'll get there, it better be worth the trip; a novel	0.0694	1969
uc1.$b102428	18	mildred jordan	One red rose forever	0.1019	1941
mdp.39015053393867	23	adam mars-jones	The waters of thirst	0.0806	1994
mdp.39015019873556	60	pauline melville	Shape-shifter : stories	0.0749	1990
uc1.b4422271	36	charles dickinson	Rumor has it	0.1406	1991
uc1.32106012619984	65	josephine tey	A shilling for candles, the story of a crime;	0.0543	1936
mdp.49015002628007	18	thomas b costain	For my great folly; and, The moneyman. Two famous novels by Thomas B. Costain	0.1253	1947
mdp.39015019446692	10	hugo charteris	The tide is right	0.0578	1991
mdp.39076005047316	54	mervyn peake	Gormenghast	0.4317	1967
mdp.39015031302055	47	vern e smith	The Jones men	0.1143	1974
mdp.39015035754566	37	rick reilly	Missing links	0.1633	1996
mdp.39015037303636	36	ursula k. le guin	Unlocking the air and other stories	0.0608	1996
uc1.$b102627	1	jon godden	The house by the sea, a novel	0.0569	1948
uc1.b4384800	7	evan hunter	Last summer	0.0484	1968
uc1.b4355035	58	beverly lowry	Come back, Lolly Ray	0.0605	1977
uc1.$b102385	52	eric knight	The happy land	0.0816	1940
mdp.39015040067269	62	debbie lee wesselmann	The earth and the sky : stories	0.1009	1998
mdp.39015038423979	53	jonathan dee	St. Famous : a novel	0.048	1996
uc1.$b104509	52	ethel wilson	Lilly's story	0.0875	1952
uc1.32106002162755	61	bill broder	The sacred hoop	0.0746	1979
mdp.39015049549952	0	james salter	Cassada	0.1242	2000
mdp.39015006891199	52	frank john craighead	Hawks in the hand : adventures in photography and falconry	0.0817	1939
mdp.39015000599194	58	marjorie kinnan rawlings	The sojourner	0.061	1953
mdp.39015038549344	28	mickey spillane	Black alley	0.054000000000000006	1996
mdp.39015008620349	16	mary robison	An amateur's guide to the night : stories	0.1448	1983
uc1.b4439316	39	fernanda eberstadt	Low tide	0.059000000000000004	1985
mdp.39015062083913	72	kurt vonnegut	Hocus pocus	0.0586	1990
mdp.39015056469656	72	"françois bizot
euan cameron"	The gate	0.0663	2003
mdp.39015041102404	57	jan karon	Out to Canaan	0.0763	1997
mdp.39015021880326	42	anne tyler	Saint maybe	0.0576	1991
inu.39000005800474	60	milton ed rugoff	A harvest of world folk tales;	0.0846	1949
inu.30000087945501	28	elizabeth stuckey-french	Mermaids on the moon : a novel	0.0953	2002
mdp.39015060839555	29	philip caputo	Acts of faith	0.1102	2005
mdp.49015002327642	28	bruce palmer	The karma charmer	0.0709	1994
mdp.39015074223242	51	jennifer cody epstein	The painter from Shanghai	0.0799	2008
mdp.39015014843273	18	lion feuchtwanger	Raquel, the Jewess of Toledo	0.1054	1956
mdp.39015004102953	40	virginia woolf	Between the acts	0.07400000000000001	1941
mdp.39015001528887	18	louis bromfield	Until the day break	0.0956	1942
mdp.39015009336903	36	howard fast	The immigrant's daughter	0.1949	1985
mdp.39015027254278	61	ann beattie	Distortions	0.1043	1976
uc1.b4449928	18	frank waters	The man who killed the deer	0.0777	1942
mdp.39015060886416	58	steve amick	The lake, the river & the other lake	0.0922	2005
mdp.39015000957798	47	mickey spillane	I, the jury	0.0566	1947
uc1.$b484998	73	sister maria del rey	Dust on my toes; stories of people near and far	0.0702	1959
uc1.$b103979	44	hollister noble	One way to Eldorado	0.0618	1954
mdp.39015037445429	1	chernoff maxine	American heaven	0.1167	1996
mdp.39015046375104	26	arthur golden	Memoirs of a geisha : a novel	0.04	1997
mdp.39015064680708	26	plum sykes	The debutante divorcée : a novel	0.0773	2006
mdp.39015009053110	62	henry treece	The green man; a novel	0.0857	1966
uc1.b4975786	11	bell gale chevigny	Chloe and Olivia	0.0927	1990
uc1.b4451946	15	dennis murphy	The sergeant	0.0724	1958
mdp.39015051353996	53	malcolm bradbury	Cuts	0.1197	1987
coo.31924000065353	65	peter scott	Morning flight, a book of wildfowl	0.1146	1936
uc1.32106002113238	7	dashiell hammett	The big knockover, selected stories and short novels. Edited and with an introd. by Lillian Hellman	0.0466	1961
mdp.39015031707816	49	larry mcmurtry	The late child : a novel	0.0674	1995
uc1.$b102432	10	sheila kaye smith	The happy tree	0.0927	1949
uc1.$b80885	10	vladimir pozner	First harvest	0.0948	1943
mdp.39015024959259	51	summer brenner	Dancers & the dance : stories	0.1242	1989
mdp.39015012098383	49	wallace stegner	Crossing to safety	0.0642	1987
mdp.39015048851698	7	"pia pera
ann goldstein"	Lo's diary	0.0431	1999
uc1.32106014506452	29	bernhard schlink	The reader	0.0928	1997
mdp.39015000626559	3	arthur koestler	Thieves in the night; chronicle of an experiment	0.0966	1946
uc1.32106012462435	29	wayne johnston	The divine Ryans	0.0975	1990
mdp.39015066062640	52	gale wilhelm	We too are drifting	0.1245	1935
mdp.39015020749142	17	richard matheson	Bid time return	0.0447	1975
mdp.39015049200556	7	frank swinnerton	Death of a highbrow	0.057999999999999996	1961
uc1.$b15275	32	jean malaquais	World without visa	0.0724	1948
mdp.39015082701213	1	ken bruen	Sanctuary	0.0661	2008
mdp.39015014859964	58	jesse stuart	The good spirit of Laurel Ridge	0.1191	1953
uc1.$b401295	57	john o'hara	And other stories	0.0965	1968
uc1.$b87125	17	victoria case	The quiet life of Mrs. General Lane	0.062	1952
uc1.$b105586	34	virgil scott	The hickory stick	0.0552	1948
uc1.$b401406	26	henry carlisle	The contract	0.0935	1968
uc1.$b249474	26	robert lawson	Mr. Wilmer	0.0908	1945
uc1.$b792349	51	maggie ross	The gasteropod	0.044000000000000004	1968
mdp.39015018931280	47	rick hillis	Limbo river	0.0759	1990
mdp.39076006290824	61	norman garbo	The movement	0.0622	1969
uc1.$b101837	19	nadine gordimer	Six feet of the country; fifteen short stories	0.0764	1956
mdp.39015012418169	60	dorothy parker	The collected stories	0.092	1942
mdp.39015018986805	52	kate obrien	The land of spices	0.1128	1941
inu.30000095824532	8	peter craig	Blood father : [a novel]	0.1032	2005
mdp.39015001814147	32	william judson	Cold river : a novel	0.0624	1974
mdp.39015046497122	25	michal govrin	The name	0.1102	1998
mdp.39015035335044	77	allen wheelis	The illusionless man; fantasies and meditations	0.0585	1966
mdp.39015065639927	46	angel m de lera	The horns of fear	0.0517	1961
mdp.39015047659936	3	harold gershowitz	Remember this dream	0.0927	1988
mdp.39015061776400	65	stephanie barron	Jane and the unpleasantness at Scargrave Manor	0.0445	1996
mdp.39015040365564	29	carole maso	Defiance : a novel	0.0802	1998
uc1.32106018746187	15	ray bradbury	Farewell summer	0.1289	2006
uc1.b4975981	56	bette ann moskowitz	Leaving Barney	0.1251	1988
uc1.32106014344383	42	a.l. kennedy	Original bliss	0.0888	1997
uc1.32106007116590	39	pat jordan	The cheat	0.0784	1984
uc1.b4368844	19	audrey thomas	Intertidal life : a novel	0.0917	1984
mdp.39015034247323	37	bernie bookbinder	Out at the old ball game : a novel	0.2474	1995
mdp.39015074044085	56	danielle steel	Amazing grace	0.1301	2007
mdp.39015016414578	26	richard marsten	The spiked heel	0.0456	1956
mdp.39015031312146	15	mauro senesi	His beard grew on only one cheek	0.0791	1968
mdp.39015060028241	17	mahi binebine	Welcome to paradise	0.0457	1999
uc1.b4463818	28	sally mandel	Quinn	0.0662	1982
uc1.$b119565	61	ferdinand mount	Very like a Whale, a novel	0.0719	1967
mdp.39015003689281	32	elizabeth taylor	A game of hide-and-seek	0.1224	1951
mdp.49015002590355	37	tim green	Ruffians : a novel	0.2132	1993
mdp.39015019073975	18	willa cather	Lucy Gayheart	0.0489	1935
uc1.32106017720951	7	"dan sleigh
andré brink"	Islands	0.0656	2004
mdp.39015016446885	61	robin cook	Private parts in public places	0.0771	1969
mdp.39015047535409	34	julia alvarez	In the name of Salomé : a novel	0.102	2000
mdp.39015027233777	9	milan kundera	Laughable loves	0.0903	1974
uc1.$b120446	50	corinne griffith	Papa's delicate condition	0.0513	1952
mdp.39015005571347	26	sloan wilson	The man in the gray flannel suit II	0.0896	1984
mdp.39015012215490	57	cormac mccarthy	Child of God	0.0642	1973
uc1.$b85988	73	herbert best	Young'un	0.0518	1944
uc1.$b251001	56	paul west	Tenement of clay	0.2877	1965
mdp.39015024942750	60	kent nelson	The middle of nowhere : stories	0.0553	1991
mdp.39015032137401	56	bret easton ellis	The informers	0.0638	1994
uc1.b3589244	18	gabriel roy	The Tin flute	0.0626	1947
mdp.39015053779941	60	"walter de la mare
giles de la mare"	Short stories 1927-1956	0.2173	1956
mdp.39015011538371	74	alba de cespedes	La bambolona	0.0523	1970
mdp.39015011306605	58	cornelia meigs	The covered bridge	0.0469	1954
mdp.39076002946627	22	william saroyan	The trouble with tigers	0.0736	1938
mdp.39015037480335	11	stewart david ikeda	What the scarecrow said : a novel	0.1011	1996
mdp.39015003817650	69	jan de hartog	The hospital	0.1068	1964
mdp.39015046008291	0	elmore leonard	Be cool	0.0843	1999
uc1.b3582853	18	vicki baum	The weeping wood	0.0954	1943
uc1.32106002036009	60	paul scott	The corrida at San Feliu	0.0757	1964
mdp.39015037847269	32	william irish	The dancing detective	0.0564	1946
mdp.39015008790043	56	sharon r curtin	Nobody ever died of old age	0.0601	1972
mdp.39015005167062	57	margery allingham	The Allingham minibus	0.0898	1966
mdp.39015004192962	42	william trevor	Lovers of their time : and other stories	0.0841	1978
uc1.b3727139	67	frederick buechner	A long day's dying	0.0803	1949
uc1.32106009785699	54	daniel peters	The Incas : a novel	0.0874	1991
uc1.b4462305	3	elizabeth klein	Reconciliations	0.1534	1982
uc1.32106012271745	25	mia yun	House of the winds	0.0593	1998
uc1.32106011802144	73	kristin hunter	God bless the child	0.2202	1964
mdp.39015005729275	44	georges simenon	Maigret and the man on the boulevard	0.07400000000000001	1975
uc1.32106015774679	69	"william h. gass
stanley elkin"	The franchiser	0.0681	1980
uc1.b3462094	74	john clellon holmes	The horn	0.054000000000000006	1958
uc1.b4446965	26	robert stuart nathan	Amusement park	0.0707	1977
uc1.32106002189808	61	paul theroux	The black house	0.0817	1974
inu.39000003589590	69	christiaan siegfried stander barnard	The unwanted : a novel	0.1108	1974
mdp.39015031791232	60	toni cade bambara	Gorilla, my love	0.0661	1972
mdp.39015013389005	60	elizabeth spencer	Jack of diamonds : and other stories	0.0512	1988
mdp.39015002750696	72	arthur j roth	The shame of our wounds	0.0993	1961
mdp.39015012304922	32	nigel balchin	A way through the wood	0.1153	1951
inu.30000110627217	56	carolina de robertis	The invisible mountain	0.0732	2009
mdp.39015034516487	57	victoria glendinning	Electricity	0.0662	1995
inu.30000054535434	52	violette ledue	La bâtarde	0.059000000000000004	1972
mdp.39015037848390	23	gavin lambert	Norman's letter; postscript by Lady D	0.046	1966
mdp.39015017434922	25	ann patchett	Taft	0.0667	1994
mdp.39015040991377	35	elise d'haene	Licking our wounds	0.0657	1997
mdp.39015019073140	11	rayner happenstall	The blaze of noon	0.1138	1962
mdp.39015008465711	55	evelyn wilde mayerson	If birds are free : a novel	0.102	1980
mdp.39015005275469	26	janet burroway	Raw silk	0.0579	1977
mdp.39015025221485	11	josephine w johnson	The dark traveler	0.0544	1963
mdp.39015037791137	29	milan kundera	Slowness	0.1363	1996
mdp.39076002199938	18	freeman h hubbard	Vinnie Ream and Mr. Lincoln	0.0384	1949
uc1.$b301179	10	eugene lohrke	Night raid	0.0538	1941
mdp.39015047787828	39	herbert gold	Mister White Eyes : a novel	0.055	1984
mdp.39015049548509	28	madeleine wickham	Cocktails for three	0.1122	2000
mdp.39015013793867	17	erskine caldwell	The sure hand of God : a novel	0.0675	1947
mdp.39015033338495	58	larry watson	Justice	0.0862	1995
uc1.32106018349479	36	geling yan	The banquet bug	0.0589	2006
pst.000066834076	45	anne tyler	Noah's compass : a novel	0.0867	2009
pst.000030283879	18	carson mccullers	The member of the wedding	0.0667	1965
mdp.39015056249728	51	linda fairstein	The bone vault	0.1223	2003
uc1.b4495366	0	c e poverman	Susan	0.0661	1977
mdp.39015009035182	73	carlo levi	Christ stopped at Eboli; the story of a year	0.0378	1947
mdp.39015025005706	51	sarah gaddis	Swallow hard	0.1152	1990
uc1.32106017590180	42	john b. keane	An Irish Christmas feast : the best of John B. Keane	0.0553	2002
mdp.39015037484535	55	morris l west	Summer of the red wolf : a novel	0.0607	1971
uc1.32106016400241	5	andrey kurkov	Death and the penguin	0.1214	2001
mdp.39015000655970	5	robert nye	Merlin	0.096	1979
mdp.39015063960523	52	d e stevenson	Miss Buncle's book	0.1307	1937
uc1.b4355409	62	helena harlow worthen	Damages : a novel	0.0595	1986
inu.30000029797820	8	kim newman	Jago	0.1049	1991
mdp.39015003688093	73	lester goran	The paratrooper of Mechanic Avenue	0.0948	1960
uc1.b3346781	11	richard frede	Entry E	0.0769	1958
mdp.39015040574157	54	larry baker	The flamingo rising	0.0677	1997
mdp.39015008802236	39	chelsea quinn yarbro	Hyacinths	0.1116	1983
mdp.39015036704917	72	brendan behan	The Scarperer	0.0923	1964
inu.30000047837301	71	"jean gibran
kahlil g. gibran"	The Kahlil Gibran reader : inspirational writings	0.135	1931
uc1.32106005534992	35	peter ackroyd	Hawksmoor	0.0745	1985
uc1.32106010331129	9	gary krist	Bone by bone : stories	0.0792	1994
uc1.$b805566	34	scott sullivan	The shortest gladdest years	0.0744	1962
mdp.39015034511975	23	steve katz	Swanny's ways	0.0601	1995
uc1.32106018651791	65	matthew pearl	The Poe shadow : a novel	0.0713	2006
mdp.39015030140019	51	richard condon	The oldest confession	0.0929	1958
wu.89057629982	29	josé saramago	The history of the Siege of Lisbon	0.1083	1996
mdp.39015003620781	22	"geoffrey chaucer
peter ackroyd
nick bantock"	The pardoner's tale	0.5246	1935
mdp.39015034261118	26	eugenia price	Beauty from ashes	0.0536	1995
mdp.39015011030809	51	erich maria remarque	Shadows in paradise	0.0917	1970
mdp.39015040124979	59	colettn	The pure and the impure	0.0432	1954
uc1.b4463229	72	james mclendon	Deathwork : a novel	0.0814	1977
mdp.39015019555559	56	val mcdermid	Report for murder	0.0894	1987
mdp.39015003931493	60	douglas gold	A schoolmaster with the Blackfeet Indians	0.0663	1963
uc1.$b106056	18	edwin lanham	Thunder in the earth	0.1049	1941
uc1.32106013338717	29	kono taeko	Toddler-hunting & other stories	0.0709	1996
mdp.39015063372547	29	sarah waters	The night watch	0.1383	2006
uc1.b4086444	16	john updike	The poorhouse fair	0.0591	1958
uc1.$b802303	42	virginia chase	One crow, two crow;	0.1128	1971
mdp.39015003678318	19	athol fugard	Tsotsi : a novel	0.1216	1980
uc1.$b131037	52	gustav holm	This was Lidice	0.0536	1943
pst.000049737745	34	maud hart lovelace	Emily of Deep Valley	0.0658	1950
uc1.$b102745	18	herbert gorman	Brave general	0.0685	1942
uc1.$b56715	69	john mayo goss	This magnificent world	0.0976	1948
inu.30000111968602	52	spencer whedon	Not for love	0.1061	1954
mdp.39015011813766	35	jorge ibarguengoitia	Two crimes	0.068	1983
mdp.39015069361866	37	billy mott	The back nine	0.076	2007
uc1.$b63927	4	yuri suhl	One foot in America	0.0707	1950
mdp.39015029559930	51	nancy willard	Sister water	0.0775	1993
uc1.b4463205	34	laurence lafore	Learner's permit; a novel	0.0927	1962
uc1.32106011429872	23	"nicola griffith
stephen pagel"	Bending the landscape : horror	0.0896	2001
uc1.b3462313	0	karen campbell	Suddenly, in the air	0.0984	1969
mdp.39015029578146	9	gabriel josipovici	In a hotel garden	0.1162	1993
uc1.b4084642	52	lion feuchtwanger	The Oppermanns	0.2054	1934
mdp.39015055831096	71	norah labiner	Miniatures : a novel	0.0815	2002
uc1.32106019023529	57	"yu hua
allan h. barr"	Cries in the drizzle : a novel	0.0872	2007
mdp.39015003636084	61	eudora welty	The optimist's daughter	0.0757	1972
uc1.b3435081	3	leon uris	Exodus	0.0856	1958
mdp.39015013934057	60	irwin shaw	Mixed company : collected short stores of Irwin Shaw	0.0864	1950
mdp.39015009132682	16	rose tremain	The cupboard	0.0743	1981
uc1.b4948467	26	eric ambler	The siege of the Villa Lipp	0.1196	1977
uc1.b4446883	58	cecelia holland	Home ground	0.1247	1981
uc1.$b15565	67	enrique gil gilbert	Our daily bread	0.0708	1943
uc1.32106002241773	73	erich maria remarque	Three comrades; translated from the German	0.07	1937
mdp.39015038062777	47	stephen dobyns	A boat off the coast	0.1544	1987
mdp.39015055165909	9	tracy daugherty	It takes a worried man : stories	0.0796	2002
mdp.39015049645610	74	robert cohen	Inspired sleep : a novel	0.1049	2001
uc1.32106015484360	69	andrew miller	Ingenious pain : a novel	0.0673	1997
mdp.39015008160700	34	alison lurie	Love and friendship	0.0799	1962
mdp.39015024079496	1	ruth wolff	A crack in the sidewalk	0.0592	1965
mdp.39015000546542	15	joseph pintauro	Cold hands	0.0927	1979
mdp.39015048753662	25	amit chaudhuri	Freedom song : three novels	0.2645	1999
uc1.32106009696805	23	robert aickman	Cold hand in mine	0.1152	1981
uc1.32106007807651	25	william maxwell	So long, see you tomorrow	0.0664	1980
uc1.32106002123484	28	c y lee	The flower drum song, by C.Y. Lee	0.1117	1957
mdp.39015066844641	50	adriana trigiani	Home to Big Stone Gap : a novel	0.0527	2006
mdp.39015059377237	52	walter duranty	One life, one kopeck; a novel	0.1036	1937
mdp.39015053382985	34	robin cook	Shock	0.0705	2001
mdp.39015045655688	37	hanif kureishi	Love in a blue time	0.0679	1997
uc1.b4284713	61	julio cortazar	62: a model kit	0.1484	1972
mdp.39015037694299	47	jay mcinerney	The last of the savages : a novel	0.0484	1996
mdp.39015062558534	69	myla goldberg	Wickett's remedy : a novel	0.0948	2005
mdp.39015068816498	16	martin cruz smith	Gorky Park : a novel	0.1038	1981
uc1.b4097813	58	doris betts	The astronomer, and other stories	0.0448	1965
mdp.39015053626985	8	yann queffelec	The wedding	0.0779	1987
mdp.39015045656454	67	sara lewis	The answer is yes	0.0774	1998
mdp.39015000542368	17	john pearson	The Bellamy saga : a novel	0.0707	1976
mdp.39015014859428	61	bernard wolfe	The magic of their singing	0.0942	1961
uc1.b3688487	7	josephine herbst	Somewhere the tempest fell	0.0776	1947
uc1.b4098687	0	katherine b shippen	Bridles for Pegasus	0.0819	1951
uc1.b4439249	39	jerome doolittle	The bombing officer	0.11599999999999999	1982
mdp.39015034924467	67	es goldman	The Palmer method : stories	0.1186	1995
mdp.39015008692579	59	o e rolvaag	The boat of longing : a novel	0.0361	1931
mdp.39015050741415	36	sybil downing	The binding oath	0.0502	2001
uc1.b4973452	17	paul bailey	Gabriel's lament	0.0576	1986
uc1.32106010867924	54	abdelrahman munif	The trench	0.0635	1991
mdp.39015015450078	32	margaret drabble	A natural curiosity	0.0601	1989
mdp.39015062494060	40	kathleen winsor	Star money	0.0494	1950
uc1.$b243866	52	marjorie kinnan rawlings	Golden apples	0.1515	1935
mdp.39015039045771	8	louis begley	Mistler's exit	0.0657	1998
mdp.39015018932882	54	saul bellow	The bellarosa connection	0.0736	1989
mdp.39015064680278	35	kim jensen	The woman I left behind : a novel	0.0947	2006
osu.32435053311890	8	harry harrison	The stainless steel rat : a science-fiction novel	0.4556	1961
mdp.39015004247279	16	patricia highsmith	The black house	0.0643	1981
uc1.$b802665	55	sheila solomon klass	Bahadur means hero	0.0892	1969
uc1.b3688284	52	edward harris heth	Any number can play	0.1101	1945
mdp.39015052624841	10	anita nair	The better man	0.113	1999
uc1.b4358871	53	jill robinson	Perdido	0.0748	1978
uc1.32106015487124	27	barry unsworth	Losing Nelson : a novel	0.096	1999
mdp.39015028358375	4	zofia kossak	Blessed are the meek : a novel about St. Francis of Assisi	0.0735	1944
mdp.39015047517415	51	tama janowitz	A certain age : a novel	0.0742	1999
mdp.39015040135223	73	david gilbert	Remote feed	0.0735	1998
inu.30000006670925	55	herman wouk	The winds of war; a novel	0.0561	1971
mdp.39015033985568	40	demetria martínez	MotherTongue	0.0796	1994
uc1.b3739417	65	alan scholefield	The last safari	0.0807	1987
mdp.39015084097529	74	ridley pearson	Killer summer	0.0873	2009
mdp.39015008271515	65	henry van dyke	Blood of strawberries	0.0467	1933
uc1.b4094449	72	michael fisher	Bethnal Green	0.0586	1961
uc1.b4450040	46	sol yurick	An island death	0.0746	1975
uc1.32106018442621	32	cristina henríquez	Come together, fall apart : a novella and stories	0.0524	2006
uc1.$b57138	18	elizabeth page	The tree of liberty	0.1064	1939
uc1.$b102219	32	ellen marsh	Unarmed in paradise	0.0938	1959
uc1.b4097481	10	sean ocasey	I knock at the door; swift glances back at things that made me	0.0781	1939
mdp.39015052394015	60	ida fink	Traces : stories	0.0736	1997
uc1.$b391282	61	joy cowley	Man of straw	0.1264	1970
uc1.$b800276	36	warren tute	A matter of diplomacy	0.0564	1970
uc1.b4437814	34	karl shapiro	Edsel	0.0855	1971
uc1.$b87351	18	paul chavchavadze	The mountains of Allah	0.0484	1952
uc1.b4381880	69	james e gunn	Some dreams are nightmares	0.0651	1974
uc1.b4463210	57	nancy lamb	Gentlemen callers	0.053	1979
mdp.39015014286903	1	sharon dilworth	The long white	0.0882	1988
mdp.39015024774484	25	elizabeth graver	Have you seen me?	0.0587	1991
mdp.39015014859741	61	charity blackstock	The lemmings	0.0437	1969
uc1.b3295177	5	ch sisson	Christopher Homm	0.06	1965
mdp.39015041179527	18	jose maria gironella	The cypresses believe in God	0.1143	1955
uc1.32106016085083	40	alice walker	The color purple	0.0905	1982
mdp.39015037805655	1	david hill	Sacred dust	0.0848	1996
uc1.b4350595	55	beth s patric	The splintered eye	0.0606	1987
mdp.39015056249710	74	nicholson baker	A box of matches	0.1363	2003
uc1.32106014919937	34	michael foley	Getting used to not being remarkable	0.129	1998
uc1.b2857393	32	amos kollek	Don't ask me if I love : a novel	0.0527	1971
mdp.39015016945860	35	robert charles wilson	Gypsies	0.0465	1989
uc1.$b300230	33	hannah lees	Till the boys come home	0.0646	1944
mdp.39015066088157	27	ben okri	The famished road	0.0638	1991
uc1.32106010775655	71	osamu dazai	Blue bamboo: tales of fantasy and romance	0.1141	1948
uc1.32106019169157	54	thomas harris	Hannibal rising : a novel	0.0634	2006
uc1.b4887772	77	howard schwartz	The captive soul of the Messiah	0.1049	1979
mdp.49015002797968	25	alice walker	The way forward is with a broken heart	0.1183	2001
mdp.39015024079348	37	herman raucher	A glimpse of tiger; a novel	0.0841	1971
uc1.32106012723604	55	a.b. yehoshua	Open heart	0.0949	1996
mdp.49015002580687	0	douglas terman	Free flight	0.1392	1980
uc1.b4358746	39	george sakers	Bowen's ark	0.0847	1982
mdp.39015066296701	60	pam durban	All set about with fever trees and other stories	0.0804	1985
mdp.39015004984384	65	nevil shute	An old captivity	0.062	1940
mdp.39076002192008	28	audrey chalmers	The lovely time	0.0736	1955
mdp.39015019398158	56	jonathan dee	The lover of history	0.049	1990
uc1.$b114011	40	norman thomas	Ask at the Unicorn	0.0893	1963
uc1.32106008492529	71	benedict erofeev	Moscow circles	0.0733	1981
uc1.$b105589	18	allan seager	Amos Berry, a novel	0.0616	1953
uc1.b4470740	32	cornelius osgood	Winter;	0.0678	1953
mdp.39015032985577	60	t coraghessan boyle	Without a hero : stories	0.0733	1994
mdp.39076006608108	69	aldous huxley	Collected works	0.5499	1963
umn.31951002013115n	10	marguerite mcintire	Heaven's dooryard	0.0405	1940
pst.000021269554	15	claire huchet bishop	All alone	0.0793	1981
mdp.39015053626522	52	maxence van der meersch	Invasion	0.1621	1937
uc1.b4450877	16	joe flaherty	Tin wife	0.1745	1983
mdp.39015037343764	74	james hawes	A white Merc with fins	0.1007	1996
mdp.39015024775465	62	robertson davies	Murther & walking spirits	0.069	1991
mdp.39015061468040	44	charlotte armstrong	The balloon man	0.0865	1968
mdp.39015030719333	44	norman zollinger	Riders to Cibola : a novel	0.1154	1977
mdp.39076002686231	72	billy with william hoffer hayes	Midnight express	0.0918	1977
mdp.39015062880557	60	tim parks	Talking about it	0.098	2005
uc1.b4373957	59	walter van tilburg clark	The city of trembling leaves	0.0579	1945
uc1.32106010554126	47	lorian hemingway	Walking into the river : a novel	0.0592	1992
uc1.$b803290	15	robert grossbach	Someone great; a novel	0.0835	1971
uc1.$b242748	18	walter d edmonds	The wedding journey;	0.0636	1947
mdp.39015011048025	60	william faulkner	The unvanquished	0.0436	1938
mdp.39015003345124	60	william faulkner	The wild palms	0.0541	1939
mdp.39015038582691	47	patricia cornwell	Hornet's nest	0.10300000000000001	1996
mdp.39015022270436	42	carol shields	The republic of love	0.0862	1992
uc1.$b243646	17	alan moorhead	The rage of the vulture	0.0563	1948
inu.30000107317632	53	john haskell	I am not Jackson Pollock	0.0898	2003
inu.39000004578022	77	isak dinesen	The angelic avengers	0.0399	1946
mdp.39015014562071	52	george demetrios	When Greek meets Greek;	0.0596	1947
mdp.39015043829004	17	luanne rice	Cloud nine : a novel	0.0682	1999
mdp.39015040579289	73	lester goran	She loved me once, and other stories	0.057	1997
inu.30000082136767	17	ira levin	The Stepford wives	0.0628	1972
mdp.39015047106227	31	kenneth roberts	Boon Island	0.1963	1955
mdp.39015025161764	70	kathryn harrison	Thicker than water	0.0852	1991
pst.000012778010	21	marion zimmer bradley	The house between the worlds	0.1301	1981
uc1.b3727208	75	josephine pinckney	Great mischief	0.0641	1948
mdp.39015055861465	41	sue grafton	Q is for quarry	0.0884	2002
mdp.39015050794349	21	jenny mcphee	The center of things	0.1749	2001
uc1.b3146272	70	daisy newman	Now that April's there	0.094	1945
mdp.39015047546562	31	george lamming	Natives of my person	0.0699	1971
mdp.39015008719935	21	robert maxxe	Arcade	0.1611	1984
mdp.39015008639851	64	harry harrison	Tunnel through the deeps	0.0726	1972
osu.32435068372028	43	william francis	Kill or cure	0.0756	1942
mdp.39015020642214	66	eudora welty	Delta wedding, a novel	0.1137	1946
uc1.$b104969	6	ernest raymond	The marsh; a novel	0.053	1937
pst.000058034989	70	elizabeth flock	Me & Emma	0.1347	2004
pst.000014560620	31	mark joseph	To kill the Potemkin : a novel	0.1442	1986
mdp.39015037408716	76	shelby hearon	Footprints	0.0625	1996
mdp.39015013519122	64	mary mccarthy	Cannibals and missionaries	0.1104	1979
mdp.39015040571468	75	michael murphy	The kingdom of Shivas Irons	0.152	1997
uc1.32106011285092	66	sudhir kakar	Ecstasy	0.0246	2002
mdp.49015003243038	12	isaac asimov	Foundation and earth	0.2281	1986
uc1.32106019468930	68	jamake highwater	The Sun, he dies : a novel about the end of the Aztec world	0.1116	1980
mdp.39015043765596	48	maxine rodburg	The law of return : short stories	0.0297	1999
uc1.$b85983	2	hillel bernstein	L'affaire Jones, a novel	0.0594	1933
mdp.39015034258791	6	frank bergon	Wild game	0.0952	1995
mdp.39015010551961	31	dougal robertson	Survive the savage sea	0.1948	1973
uc1.32106018896792	41	orhan pamuk	The black book	0.1165	2006
mdp.39015043041535	70	liza wieland	You can sleep while I drive : stories	0.0777	1999
mdp.39015048896370	75	andy stone	Song of the kingdom	0.0748	1979
mdp.39015037479238	31	joseph wambaugh	Floaters	0.1499	1996
uc1.b4316247	31	desmond malone	The last landfall	0.1105	1936
mdp.39015066740294	20	ruth rendell	The water's lovely	0.0834	2006
mdp.39015047709046	76	elizabeth nunez	Bruised hibiscus : a novel	0.0429	1994
mdp.39015078807628	43	gene kerrigan	Dark times in the city	0.0794	2009
mdp.39015024084918	2	betty cavanna	A touch of magic	0.0361	1961
uc1.$b104826	76	jean rikhoff	Dear ones all	0.0884	1961
mdp.39015019951527	2	mark richard	The ice at the bottom of the world : stories	0.0692	1989
uc1.$b783857	31	neil gunn	The key of the chest	0.0877	1945
mdp.39015031240859	6	felix jackson	So help me God : a novel	0.0585	1955
mdp.39015059250061	43	robert crais	The forgotten man : a novel	0.1257	2005
mdp.39015077268871	66	sheelagh kanelli	Earth and water : a marriage into Greece	0.0849	1986
mdp.39015059168495	41	susan hill	The various haunts of men : a Simon Serrailler crime novel	0.1091	2004
mdp.39015014861697	24	mackinlay kantor	God and my country	0.0512	1954
uc1.b4446765	24	ya ding	The earth sings	0.1325	1990
mdp.39015053608611	64	martin myers	Izzy Manheim's reunion	0.0682	1978
mdp.49015002975770	63	malachi martin	Windswept house : a Vatican novel	0.1762	1996
mdp.39015061459593	2	paul hond	Mothers and sons : a novel	0.0843	2005
mdp.39015010818238	24	"eileen chang
yiyun li"	Naked earth; a novel about China	0.0622	1964
inu.30000027268576	24	beverley naidoo	Chain of fire	0.0667	1991
mdp.39015037288217	64	gayle lynds	Masquerade	0.2331	1996
mdp.39015000654932	76	henry green	Doting	0.0855	1952
inu.30000007177755	68	jean plaidy	The bastard king	0.0952	1974
uc1.32106015186700	13	thomas king	Medicine River	0.0819	1990
uc1.b4393852	43	janet lewis	The ghost of Monsieur Scarron	0.0638	1959
uc1.32106017532257	43	joseph hansen	Death claims	0.0504	1973
uc1.32106014905761	12	poul anderson	The avatar	0.204	1978
inu.30000055877835	79	vaino linna	The unknown soldier : a novel	0.1694	1957
uc1.b4432346	48	gay courter	The midwife : a novel	0.1149	1981
uc1.b4950818	2	murray schisgal	Days and nights of a French horn player	0.0715	1980
mdp.39015066049332	6	robert stone	Dog soldiers, : a novel	0.0654	1974
mdp.39015005310373	24	manes sperber	The burned bramble;	0.1252	1951
inu.30000100497357	31	dudley pope	Ramage at Trafalgar	0.1964	1986
uc1.32106018645736	21	max barry	Company : a novel	0.1129	2006
mdp.39015024079728	13	cameron langford	The winter of the fisher	0.1857	1971
mdp.39015032218144	14	james gordon bennett	The moon stops here	0.0935	1994
mdp.39015055077294	21	richard preston	The demon in the freezer	0.2086	2002
mdp.39015008551809	21	joe haldeman	Worlds apart	0.1563	1983
mdp.39015011565077	6	georges simenon	The witnesses	0.1363	1956
mdp.39015014135720	24	robert muir	The sprig of hemlock : a novel about Shays' Rebellion	0.06	1957
mdp.39015003699843	68	david garnett	Pocahontas; or, The nonparell of Virginia	0.0541	1933
mdp.39015076174229	24	maureen freely	Enlightenment	0.0684	2007
mdp.39015050499519	78	manuel manrique	Island in Harlem; a novel	0.0993	1966
uc1.$b105847	79	melvin voorhees	Show me a hero, a novel	0.0656	1954
uc1.b5015638	31	john gordon davis	Leviathan	0.1011	1976
uc1.32106008998061	78	michelle cliff	No telephone to heaven	0.0654	1987
uc1.$b800734	20	elliott arnold	Forests of the night	0.0631	1971
mdp.39015042484058	41	elizabeth george	Missing Joseph	0.0796	1993
uc1.$b87101	24	allan chase	The five arrows	0.0504	1944
uc1.b4432353	21	john cramer	Twistor	0.1272	1989
uc1.32106002159686	21	poul anderson	Homeward and beyond	0.0773	1975
pst.000000289054	75	robert l behme	Shasta and Rogue : a coyote story	0.0714	1974
uc1.b4950805	13	douglas c jones	Season of yellow leaf	0.1756	1983
uc1.32106017269629	63	hermann hesse	Narcissus and Goldmund	0.0757	1962
mdp.39015049548400	68	jane stevenson	London bridges	0.0546	2000
mdp.39015056793105	41	amanda quick	Late for the wedding	0.10800000000000001	2003
uc1.$b745221	31	major willy charles brou	Combat beneath the sea	0.1223	1957
mdp.39015004724616	6	patricia wentworth	Silence in court	0.1075	1945
mdp.39015003681270	20	john gardner	Nickel mountain; a pastoral novel	0.0525	1973
uc1.b4449465	64	robert h adleman	Sweetwater fever	0.1024	1984
uc1.32106015985705	78	jewell parker rhodes	Douglass' women : a novel	0.0978	2002
uc1.$b601403	31	hammond innes	Gale warning	0.1504	1948
mdp.39015016960554	70	jane smiley	Ordinary love ; & Good will : two novellas	0.1237	1989
uc1.$b805616	13	katharine scherman	The long white night	0.0998	1964
mdp.39015018903453	38	tom leopold	Somebody sing	0.0861	1990
mdp.39015000546179	31	robert h pilpel	To the honor of the fleet	0.0981	1979
mdp.39015010682279	41	lois wyse	The Rosemary touch	0.0344	1974
mdp.39015066855464	2	tova reich	My Holocaust : a novel	0.0794	2007
uc1.b3435215	6	eleazar lipsky	The devil's daughter	0.1304	1969
mdp.39015067683550	70	danielle steel	Sisters	0.0693	2007
mdp.39015000549447	24	francis pollini	Night	0.0626	1960
uc1.$b104435	66	katharine dunlap	Twice the new moon	0.0429	1955
mdp.39015063942851	41	cortland fitzsimmons	The whispering window	0.0419	1936
uc1.b4093287	41	rle stanley gardner	The D.A. cooks a goose	0.0542	1942
mdp.39015040142823	78	barbara chase riboud	Echo of lions	0.079	1989
uc1.b4368835	12	walter tevis	The steps of the sun	0.1374	1983
uc1.b4433070	43	andrew coburn	Sweetheart : a novel of revenge	0.1134	1985
mdp.39015003345694	43	kenneth fearing	The big clock	0.0672	1946
uc1.32106018760832	41	stephen l. carter	New England white	0.1618	2007
mdp.39015034287352	30	david galef	Flesh	0.0868	1995
uc1.32106017748812	2	kristin gore	Sammy's hill : a novel	0.0286	2004
mdp.39015030592177	2	sid fleischman	Chancy and the grand rascal	0.0542	1966
uc1.$b56694	63	bernard glemser	The blow at the heart	0.0629	1953
mdp.39015051347204	70	mermer blakeslee	Same blood	0.0897	1989
mdp.39015005067304	20	judith guest	Second heaven	0.1149	1982
mdp.39015077628017	41	susanna gregory	The butcher of Smithfield	0.0887	2008
mdp.39015009362628	75	maureen duffy	Gor saga	0.0638	1981
uc1.b3435066	30	don asher	Blood summer	0.0799	1977
mdp.39015055109816	12	fay weldon	Leader of the band	0.0834	1988
mdp.39015053246826	12	robert ed silverberg	Deep space; eight stories of science fiction. -	0.1003	1973
uc1.32106014492331	64	patrick omalley	The affair of jolie madame	0.1119	1963
uc1.b3884191	21	frederik pohl	Man plus	0.0856	1976
mdp.39015011214767	2	anthony burgess	The pianoplayers	0.0817	1986
mdp.39015037443838	12	julian may	Magnificat : a novel	0.259	1996
mdp.39015012119403	63	alan sillitoe	A tree on fire	0.0518	1967
mdp.39015059254451	43	kay sloan	The patron saint of red Chevys : a novel	0.1003	2004
mdp.39015059552094	70	amanda eyre ward	How to be lost : a novel	0.0784	2004
mdp.39076002196629	66	alta halverson seymour	The tangled skein	0.0445	1946
mdp.39015060593897	12	justina robson	Natural history	0.1694	2003
mdp.39015040127014	68	mary stewart	The last enchantment	0.083	1943
inu.30000124485677	43	michael walters	The adversary	0.0601	2007
mdp.39015026297633	41	ellery queen	The Dutch shoe mystery, a problem in deduction	0.3633	1931
mdp.39015026297633	41	ellery queen	The Dutch shoe mystery, a problem in deduction	0.3562	1931
umn.31951002096345f	2	lillian day	The youngest profession	0.0799	1940
mdp.39015008641501	64	paul theroux	Half Moon Street : two short novels	0.0461	1984
mdp.39015049848941	24	mikhail prishvin	Jen sheng: the root of life	0.0356	1936
mdp.39015003932111	68	james goldman	Myself as witness	0.1086	1980
mdp.39015063199239	76	jay mcinerney	The good life	0.1059	2006
mdp.39015066824213	13	rachael king	The sound of butterflies	0.0491	2007
mdp.39015063283512	41	lisa unger	Beautiful lies : a novel	0.1151	2006
mdp.39015059130578	66	k.l. cook	Last call	0.0935	2004
pst.000055849579	30	a n roquelaure	The claiming of Sleeping Beauty	0.3518	1990
inu.30000055892628	14	he bates	The jacaranda tree	0.0622	1949
mdp.39015047452514	70	alice hoffman	Local girls	0.0521	1999
mdp.39015030855673	31	ralph bates	Rainbow fish	0.0654	1937
pst.000045255625	43	jack douglas	Rubber duck	0.1049	1979
uc1.b3940718	24	mikhail soloviev	When the gods are silent;	0.0874	1952
wu.89094594975	20	john bennett	The doctor to the dead; grotesque legends & folk tales of old Charleston	0.0856	1946
uc1.$b56830	31	nard jones	Swift flows the river	0.0645	1940
mdp.39015002716796	24	caroline richards	Sweet country	0.1263	1979
osu.32435056652126	76	louise platt hauck	Lance falls in love	0.05	1941
uc1.32106010740675	12	julian may	Jack the bodiless : a novel	0.2203	1992
mdp.39015028404971	2	thomas mcguane	Nothing but blue skies	0.1497	1992
mdp.39015021856607	76	ama ata aidoo	Changes : a love story	0.0748	1991
uc1.b4450143	43	bruce zimmerman	Blood under the bridge	0.1953	1989
uc1.b4451162	64	michael mewshaw	Year of the gun	0.1528	1984
mdp.39015015528485	2	mordecai richler	Solomon Gursky was here	0.0983	1989
inu.30000109326144	63	"marek halter
howard curtis"	Lilah : a forbidden love, a people's destiny : a novel	0.0916	2006
mdp.39015021636926	75	angela davis gardner	Forms of shelter	0.0821	1991
pst.000016383524	24	steven m newman	Worldwalk	0.0727	1989
mdp.39015038159797	63	jr. véa	The silver cloud café	0.081	1996
mdp.39015056802047	43	john sandford	Naked prey	0.1136	2003
mdp.39015012213685	38	shirley hazzard	The transit of Venus	0.0855	1980
inu.30000088085224	24	"joan sales
peter bush"	Uncertain glory	0.0847	2002
mdp.39076005054932	76	patrick boyle	At night all cats are grey, and other stories	0.0762	1966
inu.30000042699243	24	max caulfield	The Easter rebellion	0.0697	1995
uc1.$b80859	14	julian green	Midnight	0.0902	1936
mdp.39015048764768	78	toni cade bambara	Those bones are not my child	0.0984	1999
mdp.39015037305508	41	robert k. tanenbaum	Corruption of blood	0.1063	1995
mdp.39015017683148	64	kingsley amis	The crime of the century	0.0958	1975
mdp.39015039923464	43	w.e.b. griffin	The investigators	0.0635	1997
mdp.39015025199863	13	barbara tedlock	The beautiful and the dangerous : encounters with the Zuni Indians	0.1789	1992
mdp.39015002751835	48	jane gilmore rushing	Mary Dove; a love story. -	0.0514	1974
mdp.39015002348343	2	kurt vonnegut	Jailbird : a novel	0.1219	1979
uc1.32106016637305	70	"banana yoshimoto
michael emmerich"	Goodbye Tsugumi : a novel	0.0753	2002
uc1.b4950743	75	rachel ingalls	Binstead's safari	0.0757	1983
uc1.$b56456	14	dymphna cusack	The sun in my hands	0.2089	1951
uc1.b4087135	75	agnes smith	An edge of the forest	0.1299	1959
mdp.39015028870676	31	thomas berger	Robert Crews	0.1173	1994
uc1.b3295314	70	robin white	Men and angels	0.066	1961
mdp.39015014891538	78	john l anderson	Night of the silent drums	0.1193	1975
mdp.39015025172456	31	robert traver	Trout magic	0.0728	1991
mdp.39015073632369	41	sean costello	Here after	0.0852	2008
mdp.39015047064947	70	ardashir vakil	Beach boy	0.0949	1997
uc1.$b87053	38	gerald butler	Slippery hitch	0.0351	1949
wu.89099788358	41	jack sher	The cold companion : a novel	0.1012	1948
mdp.49015001218206	12	john wyndham	Trouble with lichen	0.0719	1960
mdp.39015058224885	21	lev grossman	Codex	0.0567	2004
uc1.b3272210	75	leonard dubkin	The murmur of wings	0.0519	1944
uc1.$b86327	43	peggy bacon	The inward eye	0.0437	1952
mdp.39015059964455	21	robert charles wilson	Blind Lake	0.1747	2003
mdp.39015050470833	41	jayne ann krentz	Lost and found	0.0995	2001
mdp.39015032977517	78	alfredo véa jr	La maravilla	0.0797	1993
uc1.$b119914	14	charles jackson	Earthly creatures, ten stories	0.1135	1953
mdp.39015025294797	21	cynthia kadohata	In the heart of the valley of love	0.0522	1992
mdp.39015025221311	66	carolivia herron	Thereafter Johnnie	0.0904	1991
mdp.39015056811709	24	hugo claus	The sorrow of Belgium	0.0684	1990
mdp.39015037774406	14	gale wilhelm	The time between	0.0427	1942
mdp.39015001451049	12	edward l barry n malzberg eds ferman	Final stage; the ultimate science fiction anthology	0.10099999999999999	1974
mdp.39015066077754	21	isaac asimov	Where do we go from here?	0.0971	1971
mdp.39015011563775	64	thomas berger	Nowhere	0.1082	1985
uc1.32106011196117	6	sara paretsky	Blood shot	0.0503	1988
mdp.39015031294666	79	hans hellmut kirst	The night of the generals, a novel	0.0586	1963
mdp.39015037836726	38	julian green	The distant lands	0.0717	1991
mdp.39015013892909	78	credo vusamazulu mutwa	My people, my Africa	0.0786	1969
mdp.39015054169621	70	martin pousson	No Place, Louisiana	0.0604	2002
mdp.39015030855525	14	eileen bassing	Home before dark	0.0638	1957
uc1.b3884453	30	j neil schulman	The rainbow cadenza : a novel in logosata form	0.0846	1983
uc1.b3407034	13	rosemary sutcliff	The shield ring	0.0356	1956
uc1.b4446919	48	linda u howard	Expecting miracles	0.0901	1980
mdp.39015025229819	13	jon hassler	North of hope : a novel	0.0897	1990
mdp.39015024870480	31	blanche dalpuget	Turtle Beach	0.0597	1981
mdp.39015007674479	70	jona oberski	Childhood /]	0.1186	1983
uc1.b3465562	30	cyrus colter	The hippodrome; a novel	0.0803	1973
uc1.32106005367229	78	langston hughes	Laughing to keep from crying	0.1268	1952
mdp.39015051278300	43	mary higgins clark	On the street where you live	0.1569	2001
mdp.39015004864206	13	colin m turnbull	The forest people	0.0524	1961
inu.39000003233025	68	anthony price	Our man in Camelot	0.0516	1975
uc1.b4449979	41	loren d estleman	Sugartown	0.0884	1984
uc1.b4951655	21	arnold federbush	The man who lived in inner space	0.0743	1973
mdp.39015047616456	31	nevil shute	Pastoral	0.0889	1944
mdp.39015034015639	41	lawrence sanders	McNally's trial	0.2267	1995
mdp.39015022748480	48	bernarda bryson	The twenty miracles of Saint Nicolas	0.0425	1960
mdp.39015012976992	21	robert a. heinlein	Waldo and Magic, Inc	0.1301	1970
mdp.39015002713173	13	balachandra rajan	Too long in the West	0.0754	1961
inu.30000039139013	63	wendy perriam	After purple	0.1131	1982
uc1.$b86287	76	margaret culkin banning	The dowry	0.0687	1955
mdp.39015055165735	2	david lodge	Small world : an academic romance	0.1181	1984
mdp.39015070730232	63	sophie gee	The scandal of the season	0.0472	2007
mdp.39015041292502	12	robert silverberg	Sorcerers of Majipoor	0.1407	1996
mdp.39015004121656	64	eric ambler	Epitaph for a spy	0.0657	1952
mdp.39015029868687	14	shusaku endo	The final martyrs : stories	0.0743	1993
pst.000028365198	64	francis beeding	The nine waxed faces	0.0499	1936
mdp.39015045657411	38	susan minot	Evening	0.0661	1998
uc1.$b103977	38	david niven	Once over lightly	0.0656	1951
uc1.b4082084	6	rex stout	Gambit; a Nero Wolfe novel	0.0807	1962
mdp.39015043810574	48	leon forrest	The Bloodworth orphans : a novel	0.0896	1977
mdp.39015054078954	2	david sedaris	Barrel fever : stories and essays	0.0538	1994
mdp.39015056248399	13	brian hall	I should be extremely happy in your company : a novel of Lewis and Clark	0.0866	2003
mdp.39015004190537	2	j p donleavy	The destinies of Darcy Dancer, gentleman	0.055999999999999994	1977
mdp.39015001533168	64	william craig	The Tashkent crisis; a novel	0.1163	1971
mdp.39015008197082	20	ngaio marsh	Died in the wool	0.0621	1945
mdp.39015030699824	24	jean karsavina	White eagle, dark skies	0.1098	1974
mdp.39015005649697	43	yuri mamleyev	The sky above hell and other stories	0.0809	1980
uc1.32106014905522	21	poul anderson	The earth book of Stormgate	0.0851	1978
mdp.39015012905447	79	henriette roosenburg	The walls came tumbling down	0.0766	1957
mdp.39015043791261	43	john sandford	Certain prey	0.18899999999999997	1999
mdp.39015084102659	70	kate pullinger	The mistress of nothing	0.0553	2009
uc1.32106018321486	79	mark helprin	A soldier of the great war	0.12300000000000001	1991
uc1.b4463826	78	d keith mano	Horn	0.0872	1969
mdp.39015064691275	64	alex berenson	The faithful spy : a novel	0.0881	2006
mdp.39015030042058	43	bari wood	The killing gift : a novel	0.0461	1975
mdp.39076002266596	66	karen white	Sea change	0.0641	1948
mdp.39015024921374	66	arturo islas	Migrant souls	0.115	1990
uc1.$b798950	79	lester cohen	Coming home : a novel	0.0626	1945
mdp.39015014618576	64	karin slaughter	The widow	0.084	1989
uc1.b4365435	21	perry michael smith	Last rites	0.0821	1971
mdp.39015033065213	64	dale brown	Storming heaven	0.1115	1994
uc1.32106009788826	70	brian morton	The dylanist	0.0997	1991
uc1.$b137477	31	peter tutein	The sealers	0.099	1938
mdp.39015026970478	66	tim winton	Cloudstreet	0.0753	1991
mdp.39015071561297	2	carey magoon	I smell the devil	0.0389	1943
uc1.32106005037798	2	tom sharpe	The wilt alternative	0.1362	1979
mdp.39015055166295	48	jill bialosky	House under snow	0.0709	2002
mdp.39015033990238	20	christopher lehmann-haupt	A crooked man : a novel	0.0678	1995
uc1.$b115484	13	james s rand	Run for the trees by James S. Rand	0.0667	1966
mdp.39015014147816	63	anthony burgess	Earthly powers	0.0944	1980
mdp.39015073816913	43	ira levin	A kiss before dying	0.0909	1953
mdp.39015020690858	21	michael crichton	The Andromeda strain	0.1098	1969
mdp.39015042984545	24	mario bencastro	Odyssey to the north	0.0598	1998
mdp.39015049619987	43	john le carré	The constant gardener : a novel	0.1108	2001
mdp.39015061468172	43	herbert lieberman	City of the dead	0.1123	1976
mdp.49015001441097	20	charles williams	The sailcloth shroud	0.081	1945
mdp.49015003130599	75	david lambkin	The hanging tree : a novel	0.1244	1995
pst.000032467666	63	edward r.f. sheehan	Innocent darkness	0.1002	1993
uc1.32106015586693	24	kenzaburo oe	The silent cry	0.0661	1974
mdp.39015030711983	75	upton sinclair	The gnomobile; a gnice gnew gnarrative with gnonsense, but gnothing gnaughty	0.1032	1936
mdp.39015019427650	76	sena jeter naslund	Ice skating at the North Pole : stories	0.0963	1989
mdp.39015045626564	75	daniel wallace	Big fish : a novel of mythic proportions	0.0996	1998
mdp.39015056504544	43	"rita mae brown
sneaky pie  brown"	The tail of the tip-off	0.0839	2003
mdp.39015012879196	2	katinka loeser	A thousand pardons	0.0784	1982
mdp.39015024076583	75	joyce stranger	The running foxes	0.1284	1965
uc1.32106019144473	70	yuko taniguchi	The ocean in the closet : a novel	0.0615	2007
mdp.39015038921790	13	meyer levin	The settlers, a novel	0.0553	1972
mdp.39015053581545	24	conrad detrez	A weed for burning	0.1028	1984
uc1.b3117344	63	leslie garrett	The beasts	0.0584	1966
uc1.32106010559240	75	marion zimmer bradley	The firebrand	0.1462	1987
mdp.39015023083242	31	robert l hadfield	Mutiny at sea	0.0575	1938
mdp.39015051278755	24	john nichols	The voice of the butterfly	0.0928	2001
uc1.$b63730	38	herbert ravenel sass	Look back to glory	0.0623	1933
uc1.b3834628	12	hugh sykes davies	The papers of Andrew Melmoth	0.1437	1960
uc1.b3346099	79	bristow	Tomorrow is forever	0.0774	1943
uc1.b4316041	20	dominic behan	Tell Dublin I miss her	0.079	1961
uc1.32106018241429	79	cecilia manguerra brainard	When the rainbow goddess wept	0.0646	1991
mdp.39015002755703	20	elizabeth savage	Willowwood : a novel	0.0538	1978
mdp.39015037695007	70	christine schutt	Nightwork : stories	0.0922	1996
uc1.32106007113183	2	elizabeth gundy	Love, infidelity, and drinking to forget	0.1132	1984
uc1.b4463158	64	william e knight	The Tiger Game	0.0818	1987
uc1.$b807553	79	kit reed	Armed camps	0.0593	1970
mdp.39015016736673	13	alan caillou	The walls of Jolo	0.1307	1960
uc1.$b56748	24	elgin groseclose	Ararat	0.0487	1939
mdp.39015059976673	75	terry brooks	High druid of Shannara : Jarka Ruus	0.0998	2003
mdp.39015056248712	41	nevada barr	Flashback	0.0721	2003
mdp.39015055119468	63	shusako endo	Volcano	0.1901	1978
mdp.39015033979934	70	david haynes	Somebody else's mama	0.1058	1995
uc1.32106008200120	24	lawrence thornton	Imagining Argentina	0.069	1987
mdp.39015004038900	79	william boyd	An ice-cream war	0.1186	1982
mdp.39015063511730	31	anthony berkeley	Mr. Pidgeon's island, a novel	0.0592	1934
uc1.b3553043	76	richard gehman	The had	0.0497	1965
uc1.$b799618	66	eaton k goldthwaite	The marble forest	0.0456	1971
uc1.32106007564583	24	neil bissoondath	Digging up the mountains : stories	0.0892	1986
uc1.b4974554	43	barbara paul	Kill fee	0.0763	1985
mdp.39015017643779	30	calder willingham	Eternal fire	0.0981	1963
mdp.39015046884006	76	carol dawson	The mother-in-law diaries : a novel	0.1103	1999
uc1.$b86147	79	teresa brooke	Under the winter moon	0.0547	1958
uc1.$b244229	20	roy fuller	Fantasy and fugue	0.0592	1954
mdp.39015003676767	20	janet frame	Daughter buffalo; a novel	0.0702	1972
mdp.39015066087621	48	ann-marie macdonald	Fall on your knees : a novel	0.0999	1996
uc1.b4355382	79	peter wludyka	The past is another country	0.0602	1988
mdp.39015005091890	68	mary renault	The last of the wine	0.0743	1956
mdp.39015031233086	78	henry dumas	Jonoah and the green stone	0.0732	1968
mdp.39015046425693	68	salman rushdie	Shame	0.0725	1983
mdp.39015013126985	78	lucille clifton	Generations : a memoir	0.0882	1976
mdp.39015038136746	70	esmeralda santiago	América's dream	0.0869	1996
mdp.39015018613631	31	william brinkley	Don't go near the water	0.1035	1956
mdp.39015033366603	13	peter freuchen	Ivalu, the Eskimo wife	0.0726	1935
mdp.39015061868363	41	agatha christie	The mirror crack'd from side to side	0.0457	1962
umn.319510010442998	63	georges bernanos	The diary of a country priest	0.1068	1937
mdp.39015011037374	6	peter maas	Made in America	0.0978	1979
uc1.$b105280	6	eleazar lipsky	Lincoln McKeever	0.1117	1953
uc1.$b105838	79	peter ustinov	The loser, a novel	0.0854	1960
uc1.b4101904	78	arna bontemps	Chariot in the sky; a story of the Jubilee Singers	0.0953	1951
uc1.b3474834	2	anthony burgess	Enderby outside	0.0651	1968
uc1.$b106373	48	penelope mortimer	Cave of ice	0.0926	1958
uc1.b4223372	38	kamala markandaya	Some inner fury	0.0816	1956
wu.89016802225	79	albrecht goes	Unquiet night : a novel	0.0619	1951
mdp.39015066063077	12	robert sheckley	Can you feel anything when I do this?	0.0686	1971
inu.30000011762873	68	peter green	The sword of pleasure	0.0757	1957
mdp.39015066856652	79	steven pressfield	Gates of fire : an epic novel of the Battle of Thermopylae	0.1368	1998
uc1.$b805618	30	shirley schoonover	Sam's song	0.0719	1969
uc1.32106018260973	63	paul scott	The love pavilion	0.06	1960
mdp.39015045628396	48	danielle steel	Mirror image	0.067	1998
uc1.$b102273	14	martha gellhorn	Liana	0.0608	1944
mdp.39015014945326	78	pete hamill	Loving women : a novel of the fifties	0.057	1989
mdp.39015056165700	79	andré brink	The other side of silence	0.0886	2002
mdp.39015014139037	31	hammond innes	Atlantic fury	0.0683	1962
mdp.39015020729722	2	venedikt erofeev	Moscow to the end of the line	0.0697	1980
mdp.39015010449836	20	elsa morante	Aracoeli : a novel	0.1308	1984
mdp.39015054077741	24	ryszard kapuscinski	The Emperor : downfall of an autocrat	0.1189	1983
mdp.39015076176604	75	rabih alameddine	The hakawati	0.1092	2008
uc1.b4350524	31	joel lieber	How the fishes live	0.0882	1967
uc1.32106009932176	12	david rains wallace	The vermilion parrot : a novel	0.0654	1991
mdp.39015030706348	78	alfred maund	The big box car, a novel	0.0999	1957
mdp.39015053764299	12	anne mccaffrey	The Rowan	0.1548	1990
pst.000044896492	79	leonard wibberley	The mouse that roared	0.0962	1955
uc1.b4951138	75	caroline gordon	The glory of Hera	0.1277	1972
pst.000017843157	75	"edward gorey
john bellairs"	The house with a clock in its walls	0.0717	1973
uc1.b4421716	41	richard barth	A ragged plot	0.1126	1981
uc1.32106001756763	20	christine arnothy	I am fifteen and I do not want to die;	0.0703	1956
mdp.39015061467935	41	david linzee	Belgravia	0.0942	1979
mdp.39015049702114	24	milt bearden	The black tulip : a novel	0.0792	1998
pst.000046428905	12	gentry lee	The tranquility wars	0.0932	2000
uc1.b4430797	12	terry carr	Cirque : a novel of the far future	0.0472	1977
mdp.39015048890084	24	emanuel litvinoff	The face of terror	0.0603	1978
mdp.39015053381698	70	lucinda roy	Lady Moses : a novel	0.1283	1998
mdp.39015025271811	13	larry woiwode	Indian affairs : a novel	0.0642	1992
uc1.b4365389	20	brett singer	The petting zoo	0.0746	1979
mdp.39015060899435	12	"arthur c. clarke
stephen baxter"	Sunstorm	0.1846	2005
pst.000063322002	12	kenneth oppel	Sunwing	0.1731	2000
